{
  "PERCEPTION": {
    "strength": 0.11920235455237405,
    "stability": 0.20307921555867844,
    "plasticity": 0.03909662915169887,
    "fitness": 0.13824429488659154
  },
  "DECISION": {
    "strength": 0.11097129296787059,
    "stability": 0.206133718105542,
    "plasticity": 0.03428752883347293,
    "fitness": 0.11284568216201989
  },
  "DECOMPOSITION": {
    "strength": 0.10817581296944521,
    "stability": 0.20620651417154012,
    "plasticity": 0.05267668050548846,
    "fitness": 0.1004650015229134
  },
  "LEARNING": {
    "strength": 0.10221146125407428,
    "stability": 0.22343005782892178,
    "plasticity": 0.043926105148951455,
    "fitness": 0.099897004634891
  },
  "COLLABORATION": {
    "strength": 0.1203259645181008,
    "stability": 0.21436728173601777,
    "plasticity": 0.055911243095244506,
    "fitness": 0.11085409302573596
  },
  "CREATION": {
    "strength": 0.11662470738442678,
    "stability": 0.21226931193156234,
    "plasticity": 0.046035911644742876,
    "fitness": 0.12590984837011604
  },
  "EVOLUTION": {
    "strength": 0.10915211584621899,
    "stability": 0.21220230157851222,
    "plasticity": 0.02902163984634476,
    "fitness": 0.10952592534927645
  },
  "REFLECTION": {
    "strength": 0.11053434741757977,
    "stability": 0.2139639461551844,
    "plasticity": 0.052382325940124735,
    "fitness": 0.09984044483850102
  }
}