{
  "PERCEPTION": {
    "strength": 0.208099134323924,
    "stability": 0.31161812361324237,
    "plasticity": 0.09897091742367659,
    "fitness": 0.26111281108052403
  },
  "DECISION": {
    "strength": 0.20066601842023546,
    "stability": 0.3161433963493919,
    "plasticity": 0.09448726332893312,
    "fitness": 0.20106402681845742
  },
  "DECOMPOSITION": {
    "strength": 0.1973766424151489,
    "stability": 0.31527247591883956,
    "plasticity": 0.1126918909036338,
    "fitness": 0.18593392119999813
  },
  "LEARNING": {
    "strength": 0.19190618670643916,
    "stability": 0.33343973607277166,
    "plasticity": 0.10412583964441163,
    "fitness": 0.18811534929132856
  },
  "COLLABORATION": {
    "strength": 0.2171257089848522,
    "stability": 0.32272680087714456,
    "plasticity": 0.11304365025261948,
    "fitness": 0.1936405350882472
  },
  "CREATION": {
    "strength": 0.21204042156664177,
    "stability": 0.32367426238293556,
    "plasticity": 0.10649596559838259,
    "fitness": 0.22288538847503292
  },
  "EVOLUTION": {
    "strength": 0.19884684129858388,
    "stability": 0.32221197982236216,
    "plasticity": 0.08922137434180494,
    "fitness": 0.19774427000571398
  },
  "REFLECTION": {
    "strength": 0.1994373054130455,
    "stability": 0.3224606952981531,
    "plasticity": 0.11092995231411787,
    "fitness": 0.1849983335845895
  }
}